Dates,Date,HomeTeam,AwayTeam,Stadium,Capacity,FullTimeHomeGoals,FullTimeAwayGoals,FullTimeResult,HalfTimeHomeGoals,HalfTimeAwayGoals,HalfTimeResult,Referee,HomeFouls,AwayFouls,HomeCorners,AwayCorners,HomeYellows,AwayYellows,HomeReds,AwayReds,TotalReds,,SpecificTeams,TeamsCards,,,AllTeams,AllTotalCards,FoulsHome,FoulsAway,AllOtherTeams,OtherCards,,HomeShots,AwayShots,HomeShotsOnTarget,AwayShotsOnTarget
Aug-21,13/08/2021,Brentford,Arsenal,Gtech Community Stadium,17250,2,0,H,1,0,H,M Oliver,12,8,2,5,0,0,0,0,0,,Arsenal,60,,,Arsenal,60,179,197,Aston Villa,79,,8,22,3,4
Aug-21,14/08/2021,Manchester United,Leeds,Old Trafford,74140,5,1,H,1,0,H,P Tierney,11,9,5,4,1,2,0,0,0,,Chelsea,63,,,Aston Villa,79,190,253,Aston Villa,79,,16,10,8,3
Aug-21,14/08/2021,Burnley,Brighton,Turf Moor,21944,1,2,A,1,0,H,D Coote,10,7,7,6,2,1,0,0,0,,Tottenham,67,,,Brentford,61,187,183,Brentford,61,,14,14,3,8
Aug-21,14/08/2021,Chelsea,Crystal Palace,Stamford Bridge,41837,3,0,H,2,0,H,J Moss,15,11,5,2,0,0,0,0,0,,Liverpool,50,,,Brighton,73,208,179,Brighton,73,,13,4,6,1
Aug-21,14/08/2021,Everton,Southampton,Goodison Park,39572,3,1,H,0,1,A,A Madley,13,15,6,8,2,0,0,0,0,,Manchester United,75,,,Burnley,68,201,172,Burnley,68,,14,6,6,3
Aug-21,14/08/2021,Leicester,Wolves,King Power Stadium,32262,1,0,H,1,0,H,C Pawson,6,10,5,4,1,2,0,0,0,,Manchester City,42,,,Chelsea,63,213,209,Crystal Palace,67,,9,17,5,3
Aug-21,14/08/2021,Watford,Aston Villa,Vicarage Road,21577,3,2,H,2,0,H,M Dean,18,13,2,4,3,1,0,0,0,,,,,,Crystal Palace,67,210,266,Everton,78,,13,11,7,2
Aug-21,14/08/2021,Norwich,Liverpool,Carrow Road,27244,0,3,A,0,1,A,A Marriner,4,14,3,11,1,1,0,0,0,,,,,,Everton,78,167,224,Leeds,101,,14,19,3,8
Aug-21,15/08/2021,Newcastle,West Ham,St James' Park,52305,2,4,A,2,1,H,M Atkinson,4,3,7,6,1,0,0,0,0,,,,,,Leeds,101,236,190,Leicester City,55,,17,8,3,9
Aug-21,15/08/2021,Tottenham,Manchester City,Tottenham Hotspur Stadium,62850,1,0,H,0,0,D,A Taylor,11,8,3,11,2,1,0,0,0,,,,,,Leicester City,55,168,206,Newcastle,79,,13,18,3,4
Aug-21,21/08/2021,Liverpool,Burnley,Anfield,53394,2,0,H,1,0,H,M Dean,6,12,8,4,0,0,0,0,0,,,,,,Liverpool,50,172,152,Norwich City,55,,27,9,9,3
Aug-21,21/08/2021,Aston Villa,Newcastle,Villa Park,42657,2,0,H,1,0,H,D Coote,8,18,3,4,3,4,0,0,0,,,,,,Manchester City,42,159,165,Southampton,63,,10,9,2,1
Aug-21,21/08/2021,Crystal Palace,Brentford,Selhurst Park,25486,0,0,D,0,0,D,M Atkinson,12,9,3,5,3,1,0,0,0,,,,,,Manchester United,75,169,165,Watford,57,,7,14,2,3
Aug-21,21/08/2021,Leeds,Everton,Elland Road,37792,2,2,D,1,1,D,D England,6,13,8,5,2,4,0,0,0,,,,,,Newcastle,79,209,186,West Ham,47,,17,17,4,8
Aug-21,21/08/2021,Manchester City,Norwich,Etihad Stadium,53400,5,0,H,2,0,H,G Scott,13,7,6,1,1,0,0,0,0,,,,,,Norwich City,55,185,230,Wolves,59,,16,1,4,0
Aug-21,21/08/2021,Brighton,Watford,American Express Community Stadium,31800,2,0,H,2,0,H,A Taylor,11,6,7,2,4,0,0,0,0,,,,,,Southampton,63,206,178,,,,13,10,3,1
Aug-21,22/08/2021,Southampton,Manchester United,St Mary's Stadium,32384,1,1,D,1,0,H,C Pawson,12,10,7,7,2,3,0,0,0,,,,,,Tottenham,67,208,204,,,,8,15,3,4
Aug-21,22/08/2021,Wolves,Tottenham,Molineux Stadium,31750,0,1,A,0,1,A,S Attwell,9,7,5,4,1,4,0,0,0,,,,,,Watford,57,215,191,,,,25,8,6,6
Aug-21,22/08/2021,Arsenal,Chelsea,Emirates Stadium,60260,0,2,A,0,2,A,P Tierney,10,4,9,8,3,0,0,0,0,,,,,,West Ham,47,162,144,,,,6,22,3,5
Aug-21,23/08/2021,West Ham,Leicester,London Stadium,62500,4,1,H,1,0,H,M Oliver,8,8,10,0,0,1,0,1,1,,,,,,Wolves,59,177,166,,,,13,5,7,1
Aug-21,28/08/2021,Manchester City,Arsenal,Etihad Stadium,53400,5,0,H,3,0,H,M Atkinson,5,7,14,0,1,2,0,1,1,,,,,,,,,,,,,25,1,10,0
Aug-21,28/08/2021,Aston Villa,Brentford,Villa Park,42657,1,1,D,1,1,D,P Bankes,15,14,3,2,3,3,0,0,0,,,,,,,,,,,,,7,9,5,2
Aug-21,28/08/2021,Brighton,Everton,American Express Community Stadium,31800,0,2,A,0,1,A,J Moss,7,9,4,5,1,2,0,0,0,,,,,,,,,,,,,14,14,3,5
Aug-21,28/08/2021,Newcastle,Southampton,St James' Park,52305,2,2,D,0,0,D,P Tierney,11,6,4,4,3,3,0,0,0,,,,,,,,,,,,,10,22,5,6
Aug-21,28/08/2021,Norwich,Leicester,Carrow Road,27244,1,2,A,1,1,D,R Jones,8,9,9,9,2,1,0,0,0,,,,,,,,,,,,,14,9,4,3
Aug-21,28/08/2021,West Ham,Crystal Palace,London Stadium,62500,2,2,D,1,0,H,S Attwell,10,7,5,3,1,0,0,0,0,,,,,,,,,,,,,14,9,4,2
Aug-21,28/08/2021,Liverpool,Chelsea,Anfield,53394,1,1,D,1,1,D,A Taylor,13,4,12,3,0,2,0,1,1,,,,,,,,,,,,,24,6,7,3
Aug-21,29/08/2021,Burnley,Leeds,Turf Moor,21944,1,1,D,0,0,D,M Oliver,13,9,5,5,4,3,0,0,0,,,,,,,,,,,,,12,12,3,2
Aug-21,29/08/2021,Tottenham,Watford,Tottenham Hotspur Stadium,62850,1,0,H,1,0,H,A Marriner,8,14,10,3,3,3,0,0,0,,,,,,,,,,,,,15,9,8,2
Aug-21,29/08/2021,Wolves,Manchester United,Molineux Stadium,31750,0,1,A,0,0,D,M Dean,7,9,5,7,3,4,0,0,0,,,,,,,,,,,,,15,10,6,3
Sep-21,11/09/2021,Crystal Palace,Tottenham,Selhurst Park,25486,3,0,H,0,0,D,J Moss,13,15,8,2,2,1,0,1,1,,,,,,,,,,,,,18,2,4,1
Sep-21,11/09/2021,Arsenal,Norwich,Emirates Stadium,60260,1,0,H,0,0,D,M Oliver,9,11,8,4,1,2,0,0,0,,,,,,,,,,,,,30,10,7,1
Sep-21,11/09/2021,Brentford,Brighton,Gtech Community Stadium,17250,0,1,A,0,0,D,G Scott,9,12,1,6,3,2,0,0,0,,,,,,,,,,,,,7,4,1,2
Sep-21,11/09/2021,Leicester,Manchester City,King Power Stadium,32262,0,1,A,0,0,D,P Tierney,4,11,5,8,1,2,0,0,0,,,,,,,,,,,,,6,25,1,8
Sep-21,11/09/2021,Manchester United,Newcastle,Old Trafford,74140,4,1,H,1,0,H,A Taylor,9,2,7,3,1,0,0,0,0,,,,,,,,,,,,,21,12,7,3
Sep-21,11/09/2021,Southampton,West Ham,St Mary's Stadium,32384,0,0,D,0,0,D,D Coote,10,12,5,4,3,1,0,1,1,,,,,,,,,,,,,11,13,3,3
Sep-21,11/09/2021,Watford,Wolves,Vicarage Road,21577,0,2,A,0,0,D,P Bankes,15,13,6,8,3,3,0,0,0,,,,,,,,,,,,,6,14,2,5
Sep-21,11/09/2021,Chelsea,Aston Villa,Stamford Bridge,41837,3,0,H,1,0,H,S Attwell,11,11,4,11,1,4,0,0,0,,,,,,,,,,,,,12,18,4,6
Sep-21,12/09/2021,Leeds,Liverpool,Elland Road,37792,0,3,A,0,1,A,C Pawson,9,8,2,11,2,1,1,0,1,,,,,,,,,,,,,9,30,4,9
Sep-21,13/09/2021,Everton,Burnley,Goodison Park,39572,3,1,H,0,0,D,M Atkinson,3,6,4,6,1,1,0,0,0,,,,,,,,,,,,,14,11,6,6
Sep-21,17/09/2021,Newcastle,Leeds,St James' Park,52305,1,1,D,1,1,D,M Dean,9,11,4,5,2,2,0,0,0,,,,,,,,,,,,,17,22,7,9
Sep-21,18/09/2021,Wolves,Brentford,Molineux Stadium,31750,0,2,A,0,2,A,D England,10,7,4,2,4,2,0,1,1,,,,,,,,,,,,,11,9,0,3
Sep-21,18/09/2021,Burnley,Arsenal,Turf Moor,21944,0,1,A,0,1,A,A Taylor,9,8,8,3,2,1,0,0,0,,,,,,,,,,,,,18,13,3,3
Sep-21,18/09/2021,Liverpool,Crystal Palace,Anfield,53394,3,0,H,1,0,H,A Madley,17,11,10,5,3,1,0,0,0,,,,,,,,,,,,,25,13,10,2
Sep-21,18/09/2021,Manchester City,Southampton,Etihad Stadium,53400,0,0,D,0,0,D,J Moss,5,12,8,5,0,2,0,0,0,,,,,,,,,,,,,18,10,1,2
Sep-21,18/09/2021,Norwich,Watford,Carrow Road,27244,1,3,A,1,1,D,R Jones,10,14,4,8,1,1,0,0,0,,,,,,,,,,,,,12,12,5,8
Sep-21,18/09/2021,Aston Villa,Everton,Villa Park,42657,3,0,H,0,0,D,C Pawson,7,10,5,4,1,1,0,0,0,,,,,,,,,,,,,15,11,3,1
Sep-21,19/09/2021,Brighton,Leicester,American Express Community Stadium,31800,2,1,H,1,0,H,S Attwell,8,10,4,9,2,1,0,0,0,,,,,,,,,,,,,12,14,5,3
Sep-21,19/09/2021,West Ham,Manchester United,London Stadium,62500,1,2,A,1,1,D,M Atkinson,5,8,2,11,0,0,0,0,0,,,,,,,,,,,,,13,17,4,10
Sep-21,19/09/2021,Tottenham,Chelsea,Tottenham Hotspur Stadium,62850,0,3,A,0,0,D,P Tierney,4,15,5,11,0,1,0,0,0,,,,,,,,,,,,,8,20,2,10
Sep-21,25/09/2021,Chelsea,Manchester City,Stamford Bridge,41837,0,1,A,0,0,D,M Oliver,12,10,4,13,3,2,0,0,0,,,,,,,,,,,,,5,15,0,4
Sep-21,25/09/2021,Manchester United,Aston Villa,Old Trafford,74140,0,1,A,0,0,D,M Dean,9,13,5,5,2,2,0,0,0,,,,,,,,,,,,,28,7,4,3
Sep-21,25/09/2021,Everton,Norwich,Goodison Park,39572,2,0,H,1,0,H,D Coote,12,9,6,4,2,3,0,0,0,,,,,,,,,,,,,11,10,4,2
Sep-21,25/09/2021,Leeds,West Ham,Elland Road,37792,1,2,A,1,0,H,K Friend,10,6,5,7,3,2,0,0,0,,,,,,,,,,,,,15,20,5,7
Sep-21,25/09/2021,Leicester,Burnley,King Power Stadium,32262,2,2,D,1,2,A,C Kavanagh,10,8,8,4,2,4,0,0,0,,,,,,,,,,,,,22,9,5,3
Sep-21,25/09/2021,Watford,Newcastle,Vicarage Road,21577,1,1,D,0,1,A,J Gillett,19,12,5,6,4,3,0,0,0,,,,,,,,,,,,,15,20,4,6
Sep-21,25/09/2021,Brentford,Liverpool,Gtech Community Stadium,17250,3,3,D,1,1,D,S Attwell,8,7,2,11,1,1,0,0,0,,,,,,,,,,,,,12,16,4,6
Sep-21,26/09/2021,Southampton,Wolves,St Mary's Stadium,32384,0,1,A,0,0,D,A Madley,12,8,5,5,0,0,0,0,0,,,,,,,,,,,,,18,5,6,3
Sep-21,26/09/2021,Arsenal,Tottenham,Emirates Stadium,60260,3,1,H,3,0,H,C Pawson,12,13,4,4,2,1,0,0,0,,,,,,,,,,,,,12,10,7,4
Sep-21,27/09/2021,Crystal Palace,Brighton,Selhurst Park,25486,1,1,D,1,0,H,A Marriner,12,10,6,5,2,3,0,0,0,,,,,,,,,,,,,8,8,3,4
Oct-21,02/10/2021,Manchester United,Everton,Old Trafford,74140,1,1,D,1,0,H,M Oliver,10,9,10,1,1,1,0,0,0,,,,,,,,,,,,,13,12,6,2
Oct-21,02/10/2021,Burnley,Norwich,Turf Moor,21944,0,0,D,0,0,D,K Friend,13,3,9,5,5,2,0,0,0,,,,,,,,,,,,,14,10,4,2
Oct-21,02/10/2021,Chelsea,Southampton,Stamford Bridge,41837,3,1,H,1,0,H,M Atkinson,11,13,7,2,1,3,0,1,1,,,,,,,,,,,,,20,6,9,2
Oct-21,02/10/2021,Leeds,Watford,Elland Road,37792,1,0,H,1,0,H,S Hooper,10,16,6,3,0,3,0,0,0,,,,,,,,,,,,,20,5,4,1
Oct-21,02/10/2021,Wolves,Newcastle,Molineux Stadium,31750,2,1,H,1,1,D,G Scott,15,5,0,4,0,2,0,0,0,,,,,,,,,,,,,7,8,3,2
Oct-21,02/10/2021,Brighton,Arsenal,American Express Community Stadium,31800,0,0,D,0,0,D,J Moss,8,5,8,5,2,1,0,0,0,,,,,,,,,,,,,21,8,2,2
Oct-21,03/10/2021,Crystal Palace,Leicester,Selhurst Park,25486,2,2,D,0,2,A,A Taylor,15,11,1,3,2,3,0,0,0,,,,,,,,,,,,,18,9,4,5
Oct-21,03/10/2021,Tottenham,Aston Villa,Tottenham Hotspur Stadium,62850,2,1,H,1,0,H,C Kavanagh,11,14,5,8,2,1,0,0,0,,,,,,,,,,,,,17,14,8,3
Oct-21,03/10/2021,West Ham,Brentford,London Stadium,62500,1,2,A,0,1,A,P Bankes,16,13,11,6,2,3,0,0,0,,,,,,,,,,,,,18,13,5,6
Oct-21,03/10/2021,Liverpool,Manchester City,Anfield,53394,2,2,D,0,0,D,P Tierney,10,12,3,4,3,3,0,0,0,,,,,,,,,,,,,6,12,4,3
Oct-21,16/10/2021,Watford,Liverpool,Vicarage Road,21577,0,5,A,0,2,A,J Moss,4,10,1,9,0,0,0,0,0,,,,,,,,,,,,,6,19,2,8
Oct-21,16/10/2021,Aston Villa,Wolves,Villa Park,42657,2,3,A,0,0,D,M Oliver,8,17,6,7,2,3,0,0,0,,,,,,,,,,,,,14,9,5,4
Oct-21,16/10/2021,Leicester,Manchester United,King Power Stadium,32262,4,2,H,1,1,D,C Pawson,5,17,4,3,0,3,0,0,0,,,,,,,,,,,,,22,18,11,6
Oct-21,16/10/2021,Manchester City,Burnley,Etihad Stadium,53400,2,0,H,1,0,H,M Atkinson,11,5,6,2,1,0,0,0,0,,,,,,,,,,,,,15,7,6,2
Oct-21,16/10/2021,Norwich,Brighton,Carrow Road,27244,0,0,D,0,0,D,P Bankes,5,14,8,4,3,5,0,0,0,,,,,,,,,,,,,15,11,3,3
Oct-21,16/10/2021,Southampton,Leeds,St Mary's Stadium,32384,1,0,H,0,0,D,D Coote,16,14,8,1,2,3,0,0,0,,,,,,,,,,,,,19,3,5,0
Oct-21,16/10/2021,Brentford,Chelsea,Gtech Community Stadium,17250,0,1,A,0,1,A,A Taylor,13,8,5,5,1,1,0,0,0,,,,,,,,,,,,,17,5,7,1
Oct-21,17/10/2021,Everton,West Ham,Goodison Park,39572,0,1,A,0,0,D,S Attwell,3,3,7,9,0,2,0,0,0,,,,,,,,,,,,,15,16,2,4
Oct-21,17/10/2021,Newcastle,Tottenham,St James' Park,52305,2,3,A,1,3,A,A Marriner,13,4,2,9,4,1,1,0,1,,,,,,,,,,,,,7,14,1,4
Oct-21,18/10/2021,Arsenal,Crystal Palace,Emirates Stadium,60260,2,2,D,1,0,H,M Dean,7,4,6,4,1,1,0,0,0,,,,,,,,,,,,,17,9,6,6
Oct-21,22/10/2021,Arsenal,Aston Villa,Emirates Stadium,60260,3,1,H,2,0,H,C Pawson,17,10,7,4,2,5,0,0,0,,,,,,,,,,,,,22,10,9,4
Oct-21,23/10/2021,Chelsea,Norwich,Stamford Bridge,41837,7,0,H,3,0,H,A Madley,14,16,5,0,0,2,0,1,1,,,,,,,,,,,,,23,3,13,1
Oct-21,23/10/2021,Crystal Palace,Newcastle,Selhurst Park,25486,1,1,D,0,0,D,D England,13,9,3,7,3,4,0,0,0,,,,,,,,,,,,,15,6,3,2
Oct-21,23/10/2021,Everton,Watford,Goodison Park,39572,2,5,A,1,1,D,G Scott,9,13,3,5,4,3,0,0,0,,,,,,,,,,,,,15,20,4,8
Oct-21,23/10/2021,Leeds,Wolves,Elland Road,37792,1,1,D,0,1,A,R Jones,15,14,6,3,2,3,0,0,0,,,,,,,,,,,,,18,8,4,4
Oct-21,23/10/2021,Southampton,Burnley,St Mary's Stadium,32384,2,2,D,1,1,D,C Kavanagh,10,11,6,2,1,3,0,0,0,,,,,,,,,,,,,16,9,4,5
Oct-21,23/10/2021,Brighton,Manchester City,American Express Community Stadium,31800,1,4,A,0,3,A,K Friend,10,6,7,6,2,3,0,0,0,,,,,,,,,,,,,10,23,5,14
Oct-21,24/10/2021,Brentford,Leicester,Gtech Community Stadium,17250,1,2,A,0,1,A,S Hooper,13,7,9,2,1,1,0,0,0,,,,,,,,,,,,,15,10,5,6
Oct-21,24/10/2021,West Ham,Tottenham,London Stadium,62500,1,0,H,0,0,D,P Tierney,11,4,2,4,2,1,0,0,0,,,,,,,,,,,,,13,7,4,4
Oct-21,24/10/2021,Manchester United,Liverpool,Old Trafford,74140,0,5,A,0,4,A,A Taylor,10,8,6,3,6,0,1,0,1,,,,,,,,,,,,,12,19,4,8
Oct-21,30/10/2021,Leicester,Arsenal,King Power Stadium,32262,0,2,A,0,2,A,M Oliver,8,11,7,6,2,0,0,0,0,,,,,,,,,,,,,16,9,8,5
Oct-21,30/10/2021,Burnley,Brentford,Turf Moor,21944,3,1,H,3,0,H,J Moss,7,10,4,2,1,1,0,0,0,,,,,,,,,,,,,15,12,6,5
Oct-21,30/10/2021,Liverpool,Brighton,Anfield,53394,2,2,D,2,1,H,M Dean,8,5,5,3,2,2,0,0,0,,,,,,,,,,,,,14,9,3,6
Oct-21,30/10/2021,Manchester City,Crystal Palace,Etihad Stadium,53400,0,2,A,0,1,A,A Marriner,11,11,7,1,2,3,1,0,1,,,,,,,,,,,,,14,8,3,3
Oct-21,30/10/2021,Newcastle,Chelsea,St James' Park,52305,0,3,A,0,0,D,P Tierney,14,12,0,2,3,2,0,0,0,,,,,,,,,,,,,6,19,1,6
Oct-21,30/10/2021,Watford,Southampton,Vicarage Road,21577,0,1,A,0,1,A,P Bankes,16,6,5,8,2,2,0,0,0,,,,,,,,,,,,,10,12,4,1
Oct-21,30/10/2021,Tottenham,Manchester United,Tottenham Hotspur Stadium,62850,0,3,A,0,1,A,S Attwell,12,14,10,2,2,3,0,0,0,,,,,,,,,,,,,9,10,0,4
Oct-21,31/10/2021,Norwich,Leeds,Carrow Road,27244,1,2,A,0,0,D,A Taylor,14,23,5,0,1,4,0,0,0,,,,,,,,,,,,,14,13,3,6
Oct-21,31/10/2021,Aston Villa,West Ham,Villa Park,42657,1,4,A,1,2,A,C Kavanagh,7,13,3,6,1,2,1,0,1,,,,,,,,,,,,,9,21,3,9
Nov-21,01/11/2021,Wolves,Everton,Molineux Stadium,31750,2,1,H,2,0,H,M Atkinson,10,8,4,3,1,1,0,0,0,,,,,,,,,,,,,10,14,4,5
Nov-21,05/11/2021,Southampton,Aston Villa,St Mary's Stadium,32384,1,0,H,1,0,H,A Madley,12,12,10,8,2,2,0,0,0,,,,,,,,,,,,,9,14,3,3
Nov-21,06/11/2021,Manchester United,Manchester City,Old Trafford,74140,0,2,A,0,2,A,M Oliver,9,12,1,9,1,2,0,0,0,,,,,,,,,,,,,5,16,1,5
Nov-21,06/11/2021,Brentford,Norwich,Gtech Community Stadium,17250,1,2,A,0,2,A,J Gillett,12,13,6,2,2,3,0,0,0,,,,,,,,,,,,,19,9,7,5
Nov-21,06/11/2021,Chelsea,Burnley,Stamford Bridge,41837,1,1,D,1,0,H,A Marriner,6,9,14,2,1,4,0,0,0,,,,,,,,,,,,,25,5,4,2
Nov-21,06/11/2021,Crystal Palace,Wolves,Selhurst Park,25486,2,0,H,0,0,D,G Scott,14,13,4,6,2,1,0,0,0,,,,,,,,,,,,,13,4,6,2
Nov-21,06/11/2021,Brighton,Newcastle,American Express Community Stadium,31800,1,1,D,1,0,H,D Coote,16,10,2,5,3,4,1,0,1,,,,,,,,,,,,,14,6,5,1
Nov-21,07/11/2021,Arsenal,Watford,Emirates Stadium,60260,1,0,H,0,0,D,K Friend,6,19,4,2,4,2,0,1,1,,,,,,,,,,,,,14,7,6,1
Nov-21,07/11/2021,Everton,Tottenham,Goodison Park,39572,0,0,D,0,0,D,C Kavanagh,13,17,4,2,2,4,1,0,1,,,,,,,,,,,,,12,8,2,0
Nov-21,07/11/2021,Leeds,Leicester,Elland Road,37792,1,1,D,1,1,D,D England,12,5,10,5,1,1,0,0,0,,,,,,,,,,,,,18,9,5,3
Nov-21,07/11/2021,West Ham,Liverpool,London Stadium,62500,3,2,H,1,1,D,C Pawson,11,6,3,2,1,1,0,0,0,,,,,,,,,,,,,7,16,3,5
Nov-21,20/11/2021,Leicester,Chelsea,King Power Stadium,32262,0,3,A,0,2,A,P Tierney,15,8,3,5,3,1,0,0,0,,,,,,,,,,,,,4,16,3,7
Nov-21,20/11/2021,Aston Villa,Brighton,Villa Park,42657,2,0,H,0,0,D,A Taylor,7,13,5,7,3,3,0,0,0,,,,,,,,,,,,,9,6,5,2
Nov-21,20/11/2021,Burnley,Crystal Palace,Turf Moor,21944,3,3,D,2,3,A,S Hooper,14,15,3,6,2,3,0,0,0,,,,,,,,,,,,,15,18,9,8
Nov-21,20/11/2021,Newcastle,Brentford,St James' Park,52305,3,3,D,2,2,D,R Jones,13,11,8,2,2,2,0,0,0,,,,,,,,,,,,,23,10,9,4
Nov-21,20/11/2021,Norwich,Southampton,Carrow Road,27244,2,1,H,1,1,D,M Atkinson,8,9,5,7,3,2,0,0,0,,,,,,,,,,,,,8,17,4,5
Nov-21,20/11/2021,Watford,Manchester United,Vicarage Road,21577,4,1,H,2,0,H,J Moss,7,5,9,3,2,1,0,1,1,,,,,,,,,,,,,20,9,7,3
Nov-21,20/11/2021,Wolves,West Ham,Molineux Stadium,31750,1,0,H,0,0,D,M Dean,6,9,7,3,1,1,0,0,0,,,,,,,,,,,,,15,8,5,3
Nov-21,20/11/2021,Liverpool,Arsenal,Anfield,53394,4,0,H,1,0,H,M Oliver,15,12,6,1,2,0,0,0,0,,,,,,,,,,,,,19,5,9,3
Nov-21,21/11/2021,Manchester City,Everton,Etihad Stadium,53400,3,0,H,1,0,H,S Attwell,5,7,7,1,1,1,0,0,0,,,,,,,,,,,,,17,4,7,1
Nov-21,21/11/2021,Tottenham,Leeds,Tottenham Hotspur Stadium,62850,2,1,H,0,1,A,A Marriner,11,12,4,8,1,4,0,0,0,,,,,,,,,,,,,13,18,4,7
Nov-21,27/11/2021,Arsenal,Newcastle,Emirates Stadium,60260,2,0,H,0,0,D,S Attwell,6,12,4,4,1,3,0,0,0,,,,,,,,,,,,,24,9,6,5
Nov-21,27/11/2021,Crystal Palace,Aston Villa,Selhurst Park,25486,1,2,A,0,1,A,M Salisbury,12,10,7,3,3,3,0,0,0,,,,,,,,,,,,,8,10,3,3
Nov-21,27/11/2021,Liverpool,Southampton,Anfield,53394,4,0,H,3,0,H,A Marriner,7,14,5,7,0,1,0,0,0,,,,,,,,,,,,,20,7,6,3
Nov-21,27/11/2021,Norwich,Wolves,Carrow Road,27244,0,0,D,0,0,D,S Hooper,11,10,4,3,2,2,0,0,0,,,,,,,,,,,,,14,5,4,2
Nov-21,27/11/2021,Brighton,Leeds,American Express Community Stadium,31800,0,0,D,0,0,D,C Pawson,12,14,6,1,1,3,0,0,0,,,,,,,,,,,,,20,11,4,4
Nov-21,28/11/2021,Brentford,Everton,Gtech Community Stadium,17250,1,0,H,1,0,H,D England,8,11,3,3,4,3,0,0,0,,,,,,,,,,,,,6,14,4,5
Nov-21,28/11/2021,Leicester,Watford,King Power Stadium,32262,4,2,H,3,1,H,A Madley,5,19,8,6,0,0,0,0,0,,,,,,,,,,,,,18,16,8,5
Nov-21,28/11/2021,Manchester City,West Ham,Etihad Stadium,53400,2,1,H,1,0,H,M Oliver,7,6,8,4,2,0,0,0,0,,,,,,,,,,,,,19,5,9,3
Nov-21,28/11/2021,Chelsea,Manchester United,Stamford Bridge,41837,1,1,D,0,0,D,A Taylor,13,14,15,2,2,5,0,0,0,,,,,,,,,,,,,24,3,6,2
Nov-21,30/11/2021,Newcastle,Norwich,St James' Park,52305,1,1,D,0,0,D,A Madley,8,11,2,5,0,0,0,1,1,,,,,,,,,,,,,9,16,1,6
Nov-21,30/11/2021,Leeds,Crystal Palace,Elland Road,37792,1,0,H,0,0,D,K Friend,15,15,7,4,5,3,0,0,0,,,,,,,,,,,,,15,9,3,1
Dec-21,01/12/2021,Southampton,Leicester,St Mary's Stadium,32384,2,2,D,2,1,H,R Jones,14,11,2,4,1,3,0,0,0,,,,,,,,,,,,,15,15,7,6
Dec-21,01/12/2021,Watford,Chelsea,Vicarage Road,21577,1,2,A,1,1,D,D Coote,18,16,6,0,4,3,0,0,0,,,,,,,,,,,,,13,8,6,4
Dec-21,01/12/2021,West Ham,Brighton,London Stadium,62500,1,1,D,1,0,H,C Kavanagh,10,8,9,5,1,1,0,0,0,,,,,,,,,,,,,14,9,6,3
Dec-21,01/12/2021,Wolves,Burnley,Molineux Stadium,31750,0,0,D,0,0,D,J Brooks,5,7,5,5,2,3,0,0,0,,,,,,,,,,,,,16,6,2,1
Dec-21,01/12/2021,Aston Villa,Manchester City,Villa Park,42657,1,2,A,0,2,A,M Dean,8,12,4,11,0,0,0,0,0,,,,,,,,,,,,,9,17,3,7
Dec-21,01/12/2021,Everton,Liverpool,Goodison Park,39572,1,4,A,1,2,A,P Tierney,8,16,3,11,4,3,0,0,0,,,,,,,,,,,,,8,16,2,7
Dec-21,02/12/2021,Tottenham,Brentford,Tottenham Hotspur Stadium,62850,2,0,H,1,0,H,J Moss,13,11,11,5,0,0,0,0,0,,,,,,,,,,,,,11,6,6,2
Dec-21,02/12/2021,Manchester United,Arsenal,Old Trafford,74140,3,2,H,1,1,D,M Atkinson,9,10,3,8,1,0,0,0,0,,,,,,,,,,,,,14,17,10,8
Dec-21,04/12/2021,West Ham,Chelsea,London Stadium,62500,3,2,H,1,2,A,A Marriner,10,10,1,9,1,3,0,0,0,,,,,,,,,,,,,11,19,5,7
Dec-21,04/12/2021,Newcastle,Burnley,St James' Park,52305,1,0,H,1,0,H,P Tierney,11,9,10,3,1,1,0,0,0,,,,,,,,,,,,,19,10,4,1
Dec-21,04/12/2021,Southampton,Brighton,St Mary's Stadium,32384,1,1,D,1,0,H,A Taylor,15,12,6,2,4,2,0,0,0,,,,,,,,,,,,,14,14,4,4
Dec-21,04/12/2021,Wolves,Liverpool,Molineux Stadium,31750,0,1,A,0,0,D,C Kavanagh,4,7,2,8,2,2,0,0,0,,,,,,,,,,,,,3,17,1,5
Dec-21,04/12/2021,Watford,Manchester City,Vicarage Road,21577,1,3,A,0,2,A,S Hooper,10,7,5,11,3,0,0,0,0,,,,,,,,,,,,,11,26,4,13
Dec-21,05/12/2021,Leeds,Brentford,Elland Road,37792,2,2,D,1,0,H,D Coote,11,9,5,1,5,3,0,0,0,,,,,,,,,,,,,13,9,6,3
Dec-21,05/12/2021,Manchester United,Crystal Palace,Old Trafford,74140,1,0,H,0,0,D,C Pawson,16,9,9,6,2,2,0,0,0,,,,,,,,,,,,,16,8,3,2
Dec-21,05/12/2021,Tottenham,Norwich,Tottenham Hotspur Stadium,62850,3,0,H,1,0,H,J Gillett,11,4,6,4,1,2,0,0,0,,,,,,,,,,,,,17,10,7,1
Dec-21,05/12/2021,Aston Villa,Leicester,Villa Park,42657,2,1,H,1,1,D,M Oliver,8,25,3,6,1,1,0,0,0,,,,,,,,,,,,,13,12,4,5
Dec-21,06/12/2021,Everton,Arsenal,Goodison Park,39572,2,1,H,0,1,A,M Dean,8,12,3,3,2,2,0,0,0,,,,,,,,,,,,,11,10,5,3
Dec-21,10/12/2021,Brentford,Watford,Gtech Community Stadium,17250,2,1,H,0,1,A,M Oliver,12,18,8,2,4,0,0,0,0,,,,,,,,,,,,,14,6,5,2
Dec-21,11/12/2021,Manchester City,Wolves,Etihad Stadium,53400,1,0,H,0,0,D,J Moss,12,5,14,1,3,2,0,1,1,,,,,,,,,,,,,24,2,10,1
Dec-21,11/12/2021,Arsenal,Southampton,Emirates Stadium,60260,3,0,H,2,0,H,J Gillett,5,9,9,8,2,0,0,0,0,,,,,,,,,,,,,15,11,5,6
Dec-21,11/12/2021,Chelsea,Leeds,Stamford Bridge,41837,3,2,H,1,1,D,C Kavanagh,9,15,5,2,2,5,0,0,0,,,,,,,,,,,,,16,12,6,5
Dec-21,11/12/2021,Liverpool,Aston Villa,Anfield,53394,1,0,H,0,0,D,S Attwell,13,6,11,3,1,2,0,0,0,,,,,,,,,,,,,20,4,5,0
Dec-21,11/12/2021,Norwich,Manchester United,Carrow Road,27244,0,1,A,0,0,D,D England,6,17,8,6,1,1,0,0,0,,,,,,,,,,,,,11,13,5,5
Dec-21,12/12/2021,Burnley,West Ham,Turf Moor,21944,0,0,D,0,0,D,G Scott,13,11,6,4,2,1,0,0,0,,,,,,,,,,,,,9,16,1,3
Dec-21,12/12/2021,Leicester,Newcastle,King Power Stadium,32262,4,0,H,1,0,H,P Bankes,9,16,4,6,2,3,0,0,0,,,,,,,,,,,,,8,12,5,3
Dec-21,12/12/2021,Crystal Palace,Everton,Selhurst Park,25486,3,1,H,1,0,H,A Madley,15,14,8,2,0,2,0,0,0,,,,,,,,,,,,,17,12,6,6
Dec-21,14/12/2021,Norwich,Aston Villa,Carrow Road,27244,0,2,A,0,1,A,D Coote,12,9,7,10,3,1,0,0,0,,,,,,,,,,,,,7,17,3,6
Dec-21,14/12/2021,Manchester City,Leeds,Etihad Stadium,53400,7,0,H,3,0,H,P Tierney,5,9,6,2,1,1,0,0,0,,,,,,,,,,,,,31,6,15,3
Dec-21,15/12/2021,Brighton,Wolves,American Express Community Stadium,31800,0,1,A,0,1,A,T Harrington,11,14,7,4,2,0,0,0,0,,,,,,,,,,,,,12,8,2,5
Dec-21,15/12/2021,Crystal Palace,Southampton,Selhurst Park,25486,2,2,D,1,2,A,S Hooper,16,20,4,6,2,4,0,0,0,,,,,,,,,,,,,9,15,6,4
Dec-21,15/12/2021,Arsenal,West Ham,Emirates Stadium,60260,2,0,H,0,0,D,A Taylor,8,9,5,2,2,0,0,1,1,,,,,,,,,,,,,21,7,8,1
Dec-21,16/12/2021,Chelsea,Everton,Stamford Bridge,41837,1,1,D,0,0,D,M Oliver,11,11,7,1,2,3,0,0,0,,,,,,,,,,,,,23,5,10,3
Dec-21,16/12/2021,Liverpool,Newcastle,Anfield,53394,3,1,H,2,1,H,M Dean,9,4,11,0,1,3,0,0,0,,,,,,,,,,,,,23,4,8,2
Dec-21,18/12/2021,Leeds,Arsenal,Elland Road,37792,1,4,A,0,3,A,A Marriner,11,7,1,4,3,1,0,0,0,,,,,,,,,,,,,9,21,2,12
Dec-21,19/12/2021,Newcastle,Manchester City,St James' Park,52305,0,4,A,0,2,A,M Atkinson,9,6,3,6,1,2,0,0,0,,,,,,,,,,,,,5,18,1,7
Dec-21,19/12/2021,Wolves,Chelsea,Molineux Stadium,31750,0,0,D,0,0,D,D Coote,9,7,4,9,0,2,0,0,0,,,,,,,,,,,,,4,8,1,1
Dec-21,19/12/2021,Tottenham,Liverpool,Tottenham Hotspur Stadium,62850,2,2,D,1,1,D,P Tierney,12,11,6,4,4,4,0,1,1,,,,,,,,,,,,,10,18,5,6
Dec-21,26/12/2021,Manchester City,Leicester,Etihad Stadium,53400,6,3,H,4,0,H,C Kavanagh,11,9,14,4,1,2,0,0,0,,,,,,,,,,,,,17,14,9,8
Dec-21,26/12/2021,Norwich,Arsenal,Carrow Road,27244,0,5,A,0,2,A,G Scott,13,7,3,5,1,2,0,0,0,,,,,,,,,,,,,4,16,2,6
Dec-21,26/12/2021,Tottenham,Crystal Palace,Tottenham Hotspur Stadium,62850,3,0,H,2,0,H,J Moss,16,10,4,2,1,1,0,1,1,,,,,,,,,,,,,17,4,6,0
Dec-21,26/12/2021,West Ham,Southampton,London Stadium,62500,2,3,A,0,1,A,K Friend,10,9,10,2,2,3,0,0,0,,,,,,,,,,,,,11,11,5,6
Dec-21,26/12/2021,Aston Villa,Chelsea,Villa Park,42657,1,3,A,1,1,D,M Atkinson,8,11,2,5,3,1,0,0,0,,,,,,,,,,,,,8,10,1,4
Dec-21,26/12/2021,Brighton,Brentford,American Express Community Stadium,31800,2,0,H,2,0,H,D England,8,10,6,9,1,3,0,0,0,,,,,,,,,,,,,15,16,5,6
Dec-21,27/12/2021,Newcastle,Manchester United,St James' Park,52305,1,1,D,1,0,H,C Pawson,11,8,2,4,3,3,0,0,0,,,,,,,,,,,,,13,13,8,4
Dec-21,28/12/2021,Crystal Palace,Norwich,Selhurst Park,25486,3,0,H,3,0,H,P Tierney,9,13,8,8,1,2,0,0,0,,,,,,,,,,,,,19,12,6,3
Dec-21,28/12/2021,Southampton,Tottenham,St Mary's Stadium,32384,1,1,D,1,1,D,A Taylor,15,5,3,7,2,2,1,0,1,,,,,,,,,,,,,9,21,2,11
Dec-21,28/12/2021,Watford,West Ham,Vicarage Road,21577,1,4,A,1,2,A,D England,12,12,4,5,0,1,0,0,0,,,,,,,,,,,,,14,13,5,6
Dec-21,28/12/2021,Leicester,Liverpool,King Power Stadium,32262,1,0,H,0,0,D,M Oliver,8,11,1,12,0,1,0,0,0,,,,,,,,,,,,,6,21,1,4
Dec-21,29/12/2021,Chelsea,Brighton,Stamford Bridge,41837,1,1,D,1,0,H,M Dean,14,7,10,8,4,1,0,0,0,,,,,,,,,,,,,11,18,5,6
Dec-21,29/12/2021,Brentford,Manchester City,Gtech Community Stadium,17250,0,1,A,0,1,A,D Coote,12,10,3,5,0,0,0,0,0,,,,,,,,,,,,,6,12,2,3
Dec-21,30/12/2021,Manchester United,Burnley,Old Trafford,74140,3,1,H,3,1,H,J Moss,5,10,7,5,0,0,0,0,0,,,,,,,,,,,,,18,10,6,3
Jan-22,01/01/2022,Arsenal,Manchester City,Emirates Stadium,60260,1,2,A,1,0,H,S Attwell,13,5,5,5,3,2,1,0,1,,,,,,,,,,,,,7,15,2,2
Jan-22,01/01/2022,Watford,Tottenham,Vicarage Road,21577,0,1,A,0,0,D,R Jones,6,9,3,7,0,1,0,0,0,,,,,,,,,,,,,6,21,4,9
Jan-22,01/01/2022,Crystal Palace,West Ham,Selhurst Park,25486,2,3,A,0,3,A,D England,6,16,9,1,0,2,0,0,0,,,,,,,,,,,,,22,10,6,5
Jan-22,02/01/2022,Brentford,Aston Villa,Gtech Community Stadium,17250,2,1,H,1,1,D,C Pawson,17,11,3,7,2,2,0,0,0,,,,,,,,,,,,,10,16,4,5
Jan-22,02/01/2022,Everton,Brighton,Goodison Park,39572,2,3,A,0,2,A,J Brooks,5,12,8,5,1,1,0,0,0,,,,,,,,,,,,,17,12,6,5
Jan-22,02/01/2022,Leeds,Burnley,Elland Road,37792,3,1,H,1,0,H,P Tierney,11,7,9,3,2,1,0,0,0,,,,,,,,,,,,,22,8,7,2
Jan-22,02/01/2022,Chelsea,Liverpool,Stamford Bridge,41837,2,2,D,2,2,D,A Taylor,5,13,6,7,1,2,0,0,0,,,,,,,,,,,,,15,10,6,6
Jan-22,03/01/2022,Manchester United,Wolves,Old Trafford,74140,0,1,A,0,0,D,M Dean,9,8,3,8,3,1,0,0,0,,,,,,,,,,,,,9,19,2,6
Jan-22,11/01/2022,Southampton,Brentford,St Mary's Stadium,32384,4,1,H,2,1,H,S Attwell,9,8,5,2,0,1,0,0,0,,,,,,,,,,,,,12,5,6,4
Jan-22,12/01/2022,West Ham,Norwich,London Stadium,62500,2,0,H,1,0,H,S Hooper,9,8,11,2,0,0,0,0,0,,,,,,,,,,,,,13,7,5,3
Jan-22,14/01/2022,Brighton,Crystal Palace,American Express Community Stadium,31800,1,1,D,0,0,D,R Jones,11,7,9,0,0,2,0,0,0,,,,,,,,,,,,,19,3,4,1
Jan-22,15/01/2022,Manchester City,Chelsea,Etihad Stadium,53400,1,0,H,0,0,D,C Pawson,11,6,9,1,0,2,0,0,0,,,,,,,,,,,,,11,4,6,1
Jan-22,15/01/2022,Newcastle,Watford,St James' Park,52305,1,1,D,0,0,D,P Tierney,13,13,4,6,3,2,0,0,0,,,,,,,,,,,,,12,18,1,5
Jan-22,15/01/2022,Norwich,Everton,Carrow Road,27244,2,1,H,2,0,H,A Madley,12,14,8,8,3,1,0,0,0,,,,,,,,,,,,,14,12,3,5
Jan-22,15/01/2022,Wolves,Southampton,Molineux Stadium,31750,3,1,H,1,0,H,M Salisbury,13,14,2,10,2,3,0,0,0,,,,,,,,,,,,,9,13,5,10
Jan-22,15/01/2022,Aston Villa,Manchester United,Villa Park,42657,2,2,D,0,1,A,D Coote,8,13,3,6,1,2,0,0,0,,,,,,,,,,,,,13,13,9,6
Jan-22,16/01/2022,Liverpool,Brentford,Anfield,53394,3,0,H,1,0,H,J Moss,6,6,9,0,0,1,0,0,0,,,,,,,,,,,,,27,6,13,1
Jan-22,16/01/2022,West Ham,Leeds,London Stadium,62500,2,3,A,1,2,A,M Dean,6,9,4,3,3,2,0,0,0,,,,,,,,,,,,,15,18,5,5
Jan-22,18/01/2022,Brighton,Chelsea,American Express Community Stadium,31800,1,1,D,0,1,A,K Friend,8,5,5,7,1,2,0,0,0,,,,,,,,,,,,,10,15,2,3
Jan-22,19/01/2022,Leicester,Tottenham,King Power Stadium,32262,2,3,A,1,1,D,J Moss,6,12,3,8,1,2,0,0,0,,,,,,,,,,,,,14,27,4,10
Jan-22,19/01/2022,Brentford,Manchester United,Gtech Community Stadium,17250,1,3,A,0,0,D,A Marriner,7,9,6,9,0,0,0,0,0,,,,,,,,,,,,,18,13,8,5
Jan-22,21/01/2022,Watford,Norwich,Vicarage Road,21577,0,3,A,0,0,D,M Dean,16,11,5,1,0,1,1,0,1,,,,,,,,,,,,,15,7,4,2
Jan-22,22/01/2022,Everton,Aston Villa,Goodison Park,39572,0,1,A,0,1,A,C Pawson,14,16,9,2,5,3,0,0,0,,,,,,,,,,,,,15,8,1,3
Jan-22,22/01/2022,Brentford,Wolves,Gtech Community Stadium,17250,1,2,A,0,0,D,P Bankes,6,7,6,3,2,3,0,0,0,,,,,,,,,,,,,11,7,1,2
Jan-22,22/01/2022,Leeds,Newcastle,Elland Road,37792,0,1,A,0,0,D,C Kavanagh,9,9,6,7,4,2,0,0,0,,,,,,,,,,,,,13,15,4,3
Jan-22,22/01/2022,Manchester United,West Ham,Old Trafford,74140,1,0,H,0,0,D,J Moss,9,8,3,3,1,1,0,0,0,,,,,,,,,,,,,18,6,3,1
Jan-22,22/01/2022,Southampton,Manchester City,St Mary's Stadium,32384,1,1,D,1,0,H,S Hooper,13,5,2,11,3,0,0,0,0,,,,,,,,,,,,,7,20,3,5
Jan-22,23/01/2022,Arsenal,Burnley,Emirates Stadium,60260,0,0,D,0,0,D,D Coote,9,13,12,4,0,2,0,0,0,,,,,,,,,,,,,20,10,5,1
Jan-22,23/01/2022,Crystal Palace,Liverpool,Selhurst Park,25486,1,3,A,0,2,A,K Friend,12,10,2,5,4,1,0,0,0,,,,,,,,,,,,,8,15,5,7
Jan-22,23/01/2022,Leicester,Brighton,King Power Stadium,32262,1,1,D,0,0,D,M Atkinson,6,8,4,5,0,1,0,0,0,,,,,,,,,,,,,15,14,5,5
Jan-22,23/01/2022,Chelsea,Tottenham,Stamford Bridge,41837,2,0,H,0,0,D,P Tierney,17,14,10,3,2,1,0,0,0,,,,,,,,,,,,,15,6,7,3
Feb-22,05/02/2022,Burnley,Watford,Turf Moor,21944,0,0,D,0,0,D,C Pawson,16,9,4,7,1,2,0,0,0,,,,,,,,,,,,,13,11,2,5
Feb-22,08/02/2022,Newcastle,Everton,St James' Park,52305,3,1,H,1,1,D,A Taylor,13,13,6,2,2,3,0,0,0,,,,,,,,,,,,,20,11,9,3
Feb-22,08/02/2022,West Ham,Watford,London Stadium,62500,1,0,H,0,0,D,M Atkinson,1,6,5,6,1,0,0,0,0,,,,,,,,,,,,,9,6,3,1
Feb-22,08/02/2022,Burnley,Manchester United,Turf Moor,21944,1,1,D,0,1,A,M Dean,11,10,2,10,2,1,0,0,0,,,,,,,,,,,,,9,22,3,5
Feb-22,09/02/2022,Manchester City,Brentford,Etihad Stadium,53400,2,0,H,1,0,H,D England,7,13,9,3,0,0,0,0,0,,,,,,,,,,,,,15,6,7,2
Feb-22,09/02/2022,Norwich,Crystal Palace,Carrow Road,27244,1,1,D,1,0,H,P Tierney,11,15,4,6,1,2,0,0,0,,,,,,,,,,,,,5,13,1,5
Feb-22,09/02/2022,Tottenham,Southampton,Tottenham Hotspur Stadium,62850,2,3,A,1,1,D,D Coote,7,13,2,8,2,3,0,0,0,,,,,,,,,,,,,8,23,3,10
Feb-22,09/02/2022,Aston Villa,Leeds,Villa Park,42657,3,3,D,3,2,H,J Gillett,11,9,6,11,1,3,1,0,1,,,,,,,,,,,,,12,16,4,8
Feb-22,10/02/2022,Liverpool,Leicester,Anfield,53394,2,0,H,1,0,H,C Kavanagh,11,7,7,6,1,0,0,0,0,,,,,,,,,,,,,22,5,11,1
Feb-22,10/02/2022,Wolves,Arsenal,Molineux Stadium,31750,0,1,A,0,1,A,M Oliver,12,13,7,4,2,3,0,1,1,,,,,,,,,,,,,15,12,4,2
Feb-22,12/02/2022,Manchester United,Southampton,Old Trafford,74140,1,1,D,1,0,H,S Attwell,12,13,1,4,4,0,0,0,0,,,,,,,,,,,,,12,13,8,4
Feb-22,12/02/2022,Brentford,Crystal Palace,Gtech Community Stadium,17250,0,0,D,0,0,D,S Hooper,10,10,3,9,1,0,0,0,0,,,,,,,,,,,,,9,6,2,3
Feb-22,12/02/2022,Everton,Leeds,Goodison Park,39572,3,0,H,2,0,H,G Scott,8,9,5,3,1,1,0,0,0,,,,,,,,,,,,,21,7,10,0
Feb-22,12/02/2022,Watford,Brighton,Vicarage Road,21577,0,2,A,0,1,A,J Moss,16,9,4,5,3,2,0,0,0,,,,,,,,,,,,,9,11,1,6
Feb-22,12/02/2022,Norwich,Manchester City,Carrow Road,27244,0,4,A,0,1,A,A Marriner,7,8,4,12,0,2,0,0,0,,,,,,,,,,,,,8,22,3,9
Feb-22,13/02/2022,Burnley,Liverpool,Turf Moor,21944,0,1,A,0,1,A,M Atkinson,7,6,5,8,0,1,0,0,0,,,,,,,,,,,,,8,12,5,4
Feb-22,13/02/2022,Newcastle,Aston Villa,St James' Park,52305,1,0,H,1,0,H,C Pawson,22,15,3,6,3,4,0,0,0,,,,,,,,,,,,,10,11,2,1
Feb-22,13/02/2022,Tottenham,Wolves,Tottenham Hotspur Stadium,62850,0,2,A,0,2,A,K Friend,13,13,7,3,3,1,0,0,0,,,,,,,,,,,,,17,11,7,7
Feb-22,13/02/2022,Leicester,West Ham,King Power Stadium,32262,2,2,D,1,1,D,M Oliver,10,9,5,4,1,2,0,0,0,,,,,,,,,,,,,13,8,2,3
Feb-22,15/02/2022,Manchester United,Brighton,Old Trafford,74140,2,0,H,0,0,D,P Bankes,8,10,10,2,3,1,0,1,1,,,,,,,,,,,,,19,10,7,3
Feb-22,19/02/2022,West Ham,Newcastle,London Stadium,62500,1,1,D,1,1,D,C Kavanagh,3,7,3,7,3,3,0,0,0,,,,,,,,,,,,,11,14,3,3
Feb-22,19/02/2022,Arsenal,Brentford,Emirates Stadium,60260,2,1,H,0,0,D,J Moss,10,5,14,0,1,1,0,0,0,,,,,,,,,,,,,24,6,8,2
Feb-22,19/02/2022,Aston Villa,Watford,Villa Park,42657,0,1,A,0,0,D,R Jones,12,7,10,5,1,2,0,0,0,,,,,,,,,,,,,20,8,1,4
Feb-22,19/02/2022,Brighton,Burnley,American Express Community Stadium,31800,0,3,A,0,2,A,K Friend,12,12,4,4,1,4,0,0,0,,,,,,,,,,,,,11,10,1,4
Feb-22,19/02/2022,Crystal Palace,Chelsea,Selhurst Park,25486,0,1,A,0,0,D,D Coote,4,20,4,4,1,3,0,0,0,,,,,,,,,,,,,7,9,0,3
Feb-22,19/02/2022,Liverpool,Norwich,Anfield,53394,3,1,H,0,0,D,M Dean,7,8,9,4,0,1,0,0,0,,,,,,,,,,,,,29,6,8,1
Feb-22,19/02/2022,Southampton,Everton,St Mary's Stadium,32384,2,0,H,0,0,D,A Madley,6,9,4,4,0,2,0,0,0,,,,,,,,,,,,,19,9,11,0
Feb-22,19/02/2022,Manchester City,Tottenham,Etihad Stadium,53400,2,3,A,1,1,D,A Taylor,5,7,10,0,0,3,0,0,0,,,,,,,,,,,,,21,6,4,5
Feb-22,20/02/2022,Leeds,Manchester United,Elland Road,37792,2,4,A,0,2,A,P Tierney,13,19,3,3,6,3,0,0,0,,,,,,,,,,,,,16,15,6,9
Feb-22,20/02/2022,Wolves,Leicester,Molineux Stadium,31750,2,1,H,1,1,D,C Pawson,12,9,7,10,4,4,0,0,0,,,,,,,,,,,,,11,17,3,7
Feb-22,23/02/2022,Burnley,Tottenham,Turf Moor,21944,1,0,H,0,0,D,G Scott,8,8,3,7,0,0,0,0,0,,,,,,,,,,,,,15,12,4,2
Feb-22,23/02/2022,Watford,Crystal Palace,Vicarage Road,21577,1,4,A,1,2,A,A Marriner,12,9,6,4,2,1,0,0,0,,,,,,,,,,,,,8,7,1,5
Feb-22,23/02/2022,Liverpool,Leeds,Anfield,53394,6,0,H,3,0,H,M Oliver,5,11,4,0,0,3,0,0,0,,,,,,,,,,,,,23,3,15,2
Feb-22,24/02/2022,Arsenal,Wolves,Emirates Stadium,60260,2,1,H,0,1,A,M Atkinson,8,9,5,4,1,1,0,0,0,,,,,,,,,,,,,26,6,5,2
Feb-22,25/02/2022,Southampton,Norwich,St Mary's Stadium,32384,2,0,H,1,0,H,S Hooper,12,9,13,6,1,2,0,0,0,,,,,,,,,,,,,27,8,9,1
Feb-22,26/02/2022,Leeds,Tottenham,Elland Road,37792,0,4,A,0,3,A,C Pawson,16,11,3,6,4,2,0,0,0,,,,,,,,,,,,,19,15,3,11
Feb-22,26/02/2022,Brentford,Newcastle,Gtech Community Stadium,17250,0,2,A,0,2,A,M Dean,9,7,6,6,3,1,1,0,1,,,,,,,,,,,,,6,26,1,11
Feb-22,26/02/2022,Crystal Palace,Burnley,Selhurst Park,25486,1,1,D,1,0,H,J Moss,5,17,5,4,0,2,0,0,0,,,,,,,,,,,,,11,5,4,1
Feb-22,26/02/2022,Manchester United,Watford,Old Trafford,74140,0,0,D,0,0,D,K Friend,2,7,4,3,0,0,0,0,0,,,,,,,,,,,,,22,10,3,2
Feb-22,26/02/2022,Brighton,Aston Villa,American Express Community Stadium,31800,0,2,A,0,1,A,J Brooks,17,11,7,2,4,5,0,0,0,,,,,,,,,,,,,12,9,1,4
Feb-22,26/02/2022,Everton,Manchester City,Goodison Park,39572,0,1,A,0,0,D,P Tierney,7,14,3,4,3,2,0,0,0,,,,,,,,,,,,,6,13,2,8
Feb-22,27/02/2022,West Ham,Wolves,London Stadium,62500,1,0,H,0,0,D,A Taylor,8,2,3,5,1,0,0,0,0,,,,,,,,,,,,,13,14,4,1
Mar-22,01/03/2022,Burnley,Leicester,Turf Moor,21944,0,2,A,0,0,D,C Kavanagh,10,13,6,8,1,1,0,0,0,,,,,,,,,,,,,9,22,2,6
Mar-22,05/03/2022,Leicester,Leeds,King Power Stadium,32262,1,0,H,0,0,D,D Coote,9,12,5,10,1,2,0,0,0,,,,,,,,,,,,,7,19,4,4
Mar-22,05/03/2022,Aston Villa,Southampton,Villa Park,42657,4,0,H,2,0,H,P Bankes,10,8,4,7,1,1,0,0,0,,,,,,,,,,,,,14,11,9,1
Mar-22,05/03/2022,Burnley,Chelsea,Turf Moor,21944,0,4,A,0,0,D,A Marriner,12,7,5,2,2,0,0,0,0,,,,,,,,,,,,,6,11,1,5
Mar-22,05/03/2022,Newcastle,Brighton,St James' Park,52305,2,1,H,2,0,H,M Atkinson,8,10,4,7,1,1,0,0,0,,,,,,,,,,,,,10,15,4,4
Mar-22,05/03/2022,Norwich,Brentford,Carrow Road,27244,1,3,A,0,1,A,A Taylor,13,18,5,5,2,5,0,0,0,,,,,,,,,,,,,15,10,7,6
Mar-22,05/03/2022,Wolves,Crystal Palace,Molineux Stadium,31750,0,2,A,0,2,A,A Madley,13,8,7,7,0,3,0,0,0,,,,,,,,,,,,,12,12,5,8
Mar-22,05/03/2022,Liverpool,West Ham,Anfield,53394,1,0,H,1,0,H,J Moss,7,7,4,6,2,1,0,0,0,,,,,,,,,,,,,22,13,5,5
Mar-22,06/03/2022,Watford,Arsenal,Vicarage Road,21577,2,3,A,1,2,A,C Pawson,5,11,1,5,1,2,0,0,0,,,,,,,,,,,,,13,16,7,4
Mar-22,06/03/2022,Manchester City,Manchester United,Etihad Stadium,53400,4,1,H,2,1,H,M Oliver,10,14,9,3,0,1,0,0,0,,,,,,,,,,,,,24,5,10,2
Mar-22,07/03/2022,Tottenham,Everton,Tottenham Hotspur Stadium,62850,5,0,H,3,0,H,S Attwell,15,10,5,2,2,0,0,0,0,,,,,,,,,,,,,14,6,7,0
Mar-22,10/03/2022,Norwich,Chelsea,Carrow Road,27244,1,3,A,0,2,A,M Atkinson,8,15,3,8,0,2,0,0,0,,,,,,,,,,,,,9,15,3,7
Mar-22,10/03/2022,Southampton,Newcastle,St Mary's Stadium,32384,1,2,A,1,1,D,K Friend,6,7,12,5,1,1,0,0,0,,,,,,,,,,,,,14,8,5,4
Mar-22,10/03/2022,Wolves,Watford,Molineux Stadium,31750,4,0,H,2,0,H,D England,11,10,5,2,2,2,0,0,0,,,,,,,,,,,,,10,9,5,0
Mar-22,10/03/2022,Leeds,Aston Villa,Elland Road,37792,0,3,A,0,1,A,S Hooper,17,11,3,5,5,3,0,0,0,,,,,,,,,,,,,4,15,1,9
Mar-22,12/03/2022,Brighton,Liverpool,American Express Community Stadium,31800,0,2,A,0,1,A,M Dean,12,15,7,6,3,1,0,0,0,,,,,,,,,,,,,8,18,3,9
Mar-22,12/03/2022,Brentford,Burnley,Gtech Community Stadium,17250,2,0,H,0,0,D,P Tierney,6,10,2,9,1,1,0,1,1,,,,,,,,,,,,,13,7,4,1
Mar-22,12/03/2022,Manchester United,Tottenham,Old Trafford,74140,3,2,H,2,1,H,J Moss,8,7,4,5,2,1,0,0,0,,,,,,,,,,,,,10,10,6,3
Mar-22,13/03/2022,Chelsea,Newcastle,Stamford Bridge,41837,1,0,H,0,0,D,D Coote,17,16,7,2,4,3,0,0,0,,,,,,,,,,,,,8,7,3,2
Mar-22,13/03/2022,Everton,Wolves,Goodison Park,39572,0,1,A,0,0,D,M Oliver,13,11,5,2,2,1,1,0,1,,,,,,,,,,,,,8,14,2,3
Mar-22,13/03/2022,Leeds,Norwich,Elland Road,37792,2,1,H,1,0,H,S Attwell,18,8,6,2,3,1,0,0,0,,,,,,,,,,,,,13,12,7,4
Mar-22,13/03/2022,Southampton,Watford,St Mary's Stadium,32384,1,2,A,1,2,A,G Scott,8,12,11,3,3,2,0,0,0,,,,,,,,,,,,,13,9,7,5
Mar-22,13/03/2022,West Ham,Aston Villa,London Stadium,62500,2,1,H,0,0,D,J Gillett,9,3,5,7,1,0,0,0,0,,,,,,,,,,,,,11,13,4,7
Mar-22,13/03/2022,Arsenal,Leicester,Emirates Stadium,60260,2,0,H,1,0,H,A Taylor,8,10,2,6,0,3,0,0,0,,,,,,,,,,,,,21,6,8,3
Mar-22,14/03/2022,Crystal Palace,Manchester City,Selhurst Park,25486,0,0,D,0,0,D,M Atkinson,6,11,2,6,3,1,0,0,0,,,,,,,,,,,,,7,18,1,4
Mar-22,16/03/2022,Brighton,Tottenham,American Express Community Stadium,31800,0,2,A,0,1,A,R Jones,11,9,6,3,2,2,0,0,0,,,,,,,,,,,,,15,17,0,7
Mar-22,16/03/2022,Arsenal,Liverpool,Emirates Stadium,60260,0,2,A,0,0,D,A Marriner,9,9,1,6,0,1,0,0,0,,,,,,,,,,,,,9,9,2,3
Mar-22,17/03/2022,Everton,Newcastle,Goodison Park,39572,1,0,H,0,0,D,C Pawson,13,11,5,7,2,1,1,0,1,,,,,,,,,,,,,9,17,3,6
Mar-22,18/03/2022,Wolves,Leeds,Molineux Stadium,31750,2,3,A,2,0,H,K Friend,13,14,2,5,1,4,1,0,1,,,,,,,,,,,,,14,15,8,6
Mar-22,19/03/2022,Aston Villa,Arsenal,Villa Park,42657,0,1,A,0,1,A,A Madley,13,14,6,5,3,3,0,0,0,,,,,,,,,,,,,8,10,1,3
Mar-22,20/03/2022,Leicester,Brentford,King Power Stadium,32262,2,1,H,2,0,H,D England,10,10,2,5,1,2,0,0,0,,,,,,,,,,,,,12,15,4,6
Mar-22,20/03/2022,Tottenham,West Ham,Tottenham Hotspur Stadium,62850,3,1,H,2,1,H,A Taylor,7,7,5,3,0,1,0,0,0,,,,,,,,,,,,,17,6,4,1
Apr-22,02/04/2022,Liverpool,Watford,Anfield,53394,2,0,H,1,0,H,S Attwell,9,8,9,3,1,1,0,0,0,,,,,,,,,,,,,20,5,3,2
Apr-22,02/04/2022,Brighton,Norwich,American Express Community Stadium,31800,0,0,D,0,0,D,S Hooper,12,11,11,2,1,1,0,0,0,,,,,,,,,,,,,31,6,4,0
Apr-22,02/04/2022,Burnley,Manchester City,Turf Moor,21944,0,2,A,0,2,A,C Pawson,11,6,1,8,1,0,0,0,0,,,,,,,,,,,,,3,18,1,6
Apr-22,02/04/2022,Chelsea,Brentford,Stamford Bridge,41837,1,4,A,0,0,D,A Madley,11,7,12,7,0,0,0,0,0,,,,,,,,,,,,,21,17,8,6
Apr-22,02/04/2022,Leeds,Southampton,Elland Road,37792,1,1,D,1,0,H,A Taylor,14,7,4,7,1,1,0,0,0,,,,,,,,,,,,,12,14,3,6
Apr-22,02/04/2022,Wolves,Aston Villa,Molineux Stadium,31750,2,1,H,2,0,H,D England,15,8,4,9,4,3,0,0,0,,,,,,,,,,,,,11,15,5,5
Apr-22,02/04/2022,Manchester United,Leicester,Old Trafford,74140,1,1,D,0,0,D,A Marriner,13,6,6,5,2,2,0,0,0,,,,,,,,,,,,,11,11,5,3
Apr-22,03/04/2022,West Ham,Everton,London Stadium,62500,2,1,H,1,0,H,M Oliver,9,12,2,4,1,1,0,1,1,,,,,,,,,,,,,11,13,5,2
Apr-22,03/04/2022,Tottenham,Newcastle,Tottenham Hotspur Stadium,62850,5,1,H,1,1,D,M Atkinson,10,7,2,3,2,3,0,0,0,,,,,,,,,,,,,19,8,6,1
Apr-22,04/04/2022,Crystal Palace,Arsenal,Selhurst Park,25486,3,0,H,2,0,H,P Tierney,11,15,0,2,0,2,0,0,0,,,,,,,,,,,,,6,12,5,3
Apr-22,06/04/2022,Burnley,Everton,Turf Moor,21944,3,2,H,1,2,A,M Dean,11,16,9,6,2,2,0,0,0,,,,,,,,,,,,,13,16,4,4
Apr-22,08/04/2022,Newcastle,Wolves,St James' Park,52305,1,0,H,0,0,D,P Bankes,6,13,1,2,1,1,0,0,0,,,,,,,,,,,,,12,5,4,2
Apr-22,09/04/2022,Everton,Manchester United,Goodison Park,39572,1,0,H,1,0,H,J Moss,4,10,5,7,2,2,0,0,0,,,,,,,,,,,,,7,12,3,4
Apr-22,09/04/2022,Arsenal,Brighton,Emirates Stadium,60260,1,2,A,0,1,A,D Coote,12,19,11,2,3,4,0,0,0,,,,,,,,,,,,,20,8,4,3
Apr-22,09/04/2022,Southampton,Chelsea,St Mary's Stadium,32384,0,6,A,0,4,A,K Friend,11,10,3,3,1,0,0,0,0,,,,,,,,,,,,,4,24,1,14
Apr-22,09/04/2022,Watford,Leeds,Vicarage Road,21577,0,3,A,0,1,A,A Marriner,8,12,3,8,2,0,0,0,0,,,,,,,,,,,,,8,10,1,5
Apr-22,09/04/2022,Aston Villa,Tottenham,Villa Park,42657,0,4,A,0,1,A,G Scott,12,14,9,3,2,3,0,0,0,,,,,,,,,,,,,9,11,8,5
Apr-22,10/04/2022,Brentford,West Ham,Gtech Community Stadium,17250,2,0,H,0,0,D,M Atkinson,2,6,4,6,0,1,0,0,0,,,,,,,,,,,,,15,5,7,1
Apr-22,10/04/2022,Leicester,Crystal Palace,King Power Stadium,32262,2,1,H,2,0,H,R Jones,11,12,3,4,1,1,0,0,0,,,,,,,,,,,,,12,11,3,3
Apr-22,10/04/2022,Norwich,Burnley,Carrow Road,27244,2,0,H,1,0,H,M Oliver,12,10,6,7,1,1,0,0,0,,,,,,,,,,,,,17,18,6,4
Apr-22,10/04/2022,Manchester City,Liverpool,Etihad Stadium,53400,2,2,D,2,1,H,A Taylor,9,11,4,1,1,4,0,0,0,,,,,,,,,,,,,11,6,5,4
Apr-22,16/04/2022,Tottenham,Brighton,Tottenham Hotspur Stadium,62850,0,1,A,0,0,D,C Pawson,14,10,4,4,3,3,0,0,0,,,,,,,,,,,,,5,12,0,5
Apr-22,16/04/2022,Manchester United,Norwich,Old Trafford,74140,3,2,H,2,1,H,A Madley,7,6,6,7,0,0,0,0,0,,,,,,,,,,,,,20,15,9,4
Apr-22,16/04/2022,Southampton,Arsenal,St Mary's Stadium,32384,1,0,H,1,0,H,P Bankes,6,6,6,8,2,1,0,0,0,,,,,,,,,,,,,9,23,3,6
Apr-22,16/04/2022,Watford,Brentford,Vicarage Road,21577,1,2,A,0,1,A,S Hooper,11,9,6,5,2,1,0,0,0,,,,,,,,,,,,,17,16,4,5
Apr-22,17/04/2022,Newcastle,Leicester,St James' Park,52305,2,1,H,1,1,D,J Gillett,10,10,3,5,2,2,0,0,0,,,,,,,,,,,,,16,8,7,2
Apr-22,17/04/2022,West Ham,Burnley,London Stadium,62500,1,1,D,0,1,A,P Tierney,9,10,13,4,2,2,0,0,0,,,,,,,,,,,,,21,9,8,1
Apr-22,19/04/2022,Liverpool,Manchester United,Anfield,53394,4,0,H,2,0,H,M Atkinson,3,6,10,2,1,2,0,0,0,,,,,,,,,,,,,14,2,5,1
Apr-22,20/04/2022,Chelsea,Arsenal,Stamford Bridge,41837,2,4,A,2,2,D,J Moss,7,6,6,1,3,1,0,0,0,,,,,,,,,,,,,11,14,2,4
Apr-22,20/04/2022,Everton,Leicester,Goodison Park,39572,1,1,D,0,1,A,D Coote,8,17,5,4,3,1,0,0,0,,,,,,,,,,,,,13,11,3,3
Apr-22,20/04/2022,Newcastle,Crystal Palace,St James' Park,52305,1,0,H,1,0,H,T Harrington,12,12,2,5,1,1,0,0,0,,,,,,,,,,,,,13,10,4,2
Apr-22,20/04/2022,Manchester City,Brighton,Etihad Stadium,53400,3,0,H,0,0,D,M Dean,12,7,7,4,0,3,0,0,0,,,,,,,,,,,,,17,2,5,1
Apr-22,21/04/2022,Burnley,Southampton,Turf Moor,21944,2,0,H,2,0,H,S Attwell,7,7,10,10,2,2,0,0,0,,,,,,,,,,,,,16,11,6,3
Apr-22,23/04/2022,Arsenal,Manchester United,Emirates Stadium,60260,3,1,H,2,1,H,C Pawson,9,12,1,7,3,4,0,0,0,,,,,,,,,,,,,14,14,7,5
Apr-22,23/04/2022,Leicester,Aston Villa,King Power Stadium,32262,0,0,D,0,0,D,A Madley,15,16,7,6,3,2,0,0,0,,,,,,,,,,,,,5,11,2,3
Apr-22,23/04/2022,Manchester City,Watford,Etihad Stadium,53400,5,1,H,3,1,H,K Friend,9,7,11,4,1,0,0,0,0,,,,,,,,,,,,,21,5,8,2
Apr-22,23/04/2022,Norwich,Newcastle,Carrow Road,27244,0,3,A,0,2,A,C Kavanagh,11,10,2,3,0,2,0,0,0,,,,,,,,,,,,,5,13,2,7
Apr-22,23/04/2022,Brentford,Tottenham,Gtech Community Stadium,17250,0,0,D,0,0,D,M Atkinson,8,7,12,8,2,1,0,0,0,,,,,,,,,,,,,15,9,2,0
Apr-22,24/04/2022,Brighton,Southampton,American Express Community Stadium,31800,2,2,D,2,1,H,R Jones,12,7,6,6,1,0,0,0,0,,,,,,,,,,,,,8,18,5,5
Apr-22,24/04/2022,Burnley,Wolves,Turf Moor,21944,1,0,H,0,0,D,A Taylor,8,7,3,6,3,1,0,0,0,,,,,,,,,,,,,14,10,5,4
Apr-22,24/04/2022,Chelsea,West Ham,Stamford Bridge,41837,1,0,H,0,0,D,M Oliver,11,9,3,1,1,0,0,1,1,,,,,,,,,,,,,26,6,5,2
Apr-22,24/04/2022,Liverpool,Everton,Anfield,53394,2,0,H,0,0,D,S Attwell,8,8,13,1,2,5,0,0,0,,,,,,,,,,,,,18,9,4,1
Apr-22,25/04/2022,Crystal Palace,Leeds,Selhurst Park,25486,0,0,D,0,0,D,D England,12,13,6,3,2,2,0,0,0,,,,,,,,,,,,,17,9,7,2
Apr-22,28/04/2022,Manchester United,Chelsea,Old Trafford,74140,1,1,D,0,0,D,M Dean,9,12,2,9,0,1,0,0,0,,,,,,,,,,,,,6,21,3,6
Apr-22,30/04/2022,Newcastle,Liverpool,St James' Park,52305,0,1,A,0,1,A,A Marriner,11,11,0,6,1,3,0,0,0,,,,,,,,,,,,,4,24,2,10
Apr-22,30/04/2022,Aston Villa,Norwich,Villa Park,42657,2,0,H,1,0,H,J Brooks,16,8,2,3,4,1,0,0,0,,,,,,,,,,,,,21,9,6,3
Apr-22,30/04/2022,Southampton,Crystal Palace,St Mary's Stadium,32384,1,2,A,1,0,H,J Gillett,13,11,6,7,1,3,0,0,0,,,,,,,,,,,,,8,14,3,5
Apr-22,30/04/2022,Watford,Burnley,Vicarage Road,21577,1,2,A,1,0,H,C Pawson,13,9,5,6,1,2,0,0,0,,,,,,,,,,,,,13,17,1,6
Apr-22,30/04/2022,Wolves,Brighton,Molineux Stadium,31750,0,3,A,0,1,A,S Hooper,6,4,7,3,2,1,0,0,0,,,,,,,,,,,,,11,17,1,9
Apr-22,30/04/2022,Leeds,Manchester City,Elland Road,37792,0,4,A,0,1,A,P Tierney,13,3,3,6,1,2,0,0,0,,,,,,,,,,,,,7,19,2,6
May-22,01/05/2022,Everton,Chelsea,Goodison Park,39572,1,0,H,0,0,D,K Friend,9,12,3,8,3,5,0,0,0,,,,,,,,,,,,,9,17,4,5
May-22,01/05/2022,Tottenham,Leicester,Tottenham Hotspur Stadium,62850,3,1,H,1,0,H,J Moss,13,8,7,3,2,3,0,0,0,,,,,,,,,,,,,13,6,7,2
May-22,01/05/2022,West Ham,Arsenal,London Stadium,62500,1,2,A,1,1,D,M Dean,8,9,3,7,2,2,0,0,0,,,,,,,,,,,,,8,13,3,7
May-22,02/05/2022,Manchester United,Brentford,Old Trafford,74140,3,0,H,1,0,H,C Kavanagh,4,6,3,8,1,0,0,0,0,,,,,,,,,,,,,9,12,5,4
May-22,07/05/2022,Brentford,Southampton,Gtech Community Stadium,17250,3,0,H,2,0,H,M Salisbury,12,9,4,7,0,1,0,0,0,,,,,,,,,,,,,18,19,5,4
May-22,07/05/2022,Burnley,Aston Villa,Turf Moor,21944,1,3,A,0,2,A,D Coote,13,11,4,5,1,2,0,0,0,,,,,,,,,,,,,14,12,6,7
May-22,07/05/2022,Chelsea,Wolves,Stamford Bridge,41837,2,2,D,0,0,D,P Bankes,7,11,9,3,1,3,0,0,0,,,,,,,,,,,,,19,14,6,4
May-22,07/05/2022,Crystal Palace,Watford,Selhurst Park,25486,1,0,H,1,0,H,G Scott,11,18,8,5,2,1,0,1,1,,,,,,,,,,,,,15,6,7,1
May-22,07/05/2022,Brighton,Manchester United,American Express Community Stadium,31800,4,0,H,1,0,H,A Madley,13,9,7,6,0,2,0,0,0,,,,,,,,,,,,,17,15,6,5
May-22,07/05/2022,Liverpool,Tottenham,Anfield,53394,1,1,D,0,0,D,M Oliver,12,8,11,5,3,2,0,0,0,,,,,,,,,,,,,22,8,3,3
May-22,08/05/2022,Arsenal,Leeds,Emirates Stadium,60260,2,1,H,2,0,H,C Kavanagh,13,15,8,2,2,2,0,1,1,,,,,,,,,,,,,19,3,9,2
May-22,08/05/2022,Leicester,Everton,King Power Stadium,32262,1,2,A,1,2,A,C Pawson,11,6,6,1,3,0,0,0,0,,,,,,,,,,,,,16,10,9,4
May-22,08/05/2022,Norwich,West Ham,Carrow Road,27244,0,4,A,0,3,A,R Jones,7,7,9,5,1,1,0,0,0,,,,,,,,,,,,,8,13,2,5
May-22,08/05/2022,Manchester City,Newcastle,Etihad Stadium,53400,5,0,H,2,0,H,S Attwell,6,11,8,2,1,3,0,0,0,,,,,,,,,,,,,21,7,9,3
May-22,10/05/2022,Aston Villa,Liverpool,Villa Park,42657,1,2,A,1,1,D,J Moss,10,12,2,3,0,0,0,0,0,,,,,,,,,,,,,9,17,4,6
May-22,11/05/2022,Leeds,Chelsea,Elland Road,37792,0,3,A,0,1,A,A Taylor,10,14,1,5,1,0,1,0,1,,,,,,,,,,,,,5,17,0,4
May-22,11/05/2022,Leicester,Norwich,King Power Stadium,32262,3,0,H,0,0,D,S Hooper,10,5,10,2,0,0,0,0,0,,,,,,,,,,,,,20,9,8,5
May-22,11/05/2022,Watford,Everton,Vicarage Road,21577,0,0,D,0,0,D,M Dean,5,12,1,13,1,2,0,0,0,,,,,,,,,,,,,6,16,0,5
May-22,11/05/2022,Wolves,Manchester City,Molineux Stadium,31750,1,5,A,1,3,A,M Atkinson,2,10,6,2,0,1,0,0,0,,,,,,,,,,,,,7,16,3,5
May-22,12/05/2022,Tottenham,Arsenal,Tottenham Hotspur Stadium,62850,3,0,H,2,0,H,P Tierney,8,15,2,2,1,3,0,1,1,,,,,,,,,,,,,16,8,6,4
May-22,15/05/2022,Tottenham,Burnley,Tottenham Hotspur Stadium,62850,1,0,H,1,0,H,K Friend,12,8,8,2,3,2,0,0,0,,,,,,,,,,,,,21,8,8,1
May-22,15/05/2022,Aston Villa,Crystal Palace,Villa Park,42657,1,1,D,0,0,D,C Kavanagh,11,15,1,5,1,3,0,0,0,,,,,,,,,,,,,13,16,4,4
May-22,15/05/2022,Leeds,Brighton,Elland Road,37792,1,1,D,0,1,A,M Dean,16,8,8,1,3,2,0,0,0,,,,,,,,,,,,,19,16,5,6
May-22,15/05/2022,Watford,Leicester,Vicarage Road,21577,1,5,A,1,2,A,J Gillett,4,6,7,3,0,1,0,0,0,,,,,,,,,,,,,13,13,5,7
May-22,15/05/2022,West Ham,Manchester City,London Stadium,62500,2,2,D,2,0,H,A Taylor,9,5,4,9,3,1,0,0,0,,,,,,,,,,,,,6,31,2,8
May-22,15/05/2022,Wolves,Norwich,Molineux Stadium,31750,1,1,D,0,1,A,T Harrington,5,10,5,3,0,3,0,0,0,,,,,,,,,,,,,17,11,4,2
May-22,15/05/2022,Everton,Brentford,Goodison Park,39572,2,3,A,2,1,H,M Oliver,8,8,5,2,0,3,2,0,2,,,,,,,,,,,,,10,18,5,7
May-22,16/05/2022,Newcastle,Arsenal,St James' Park,52305,2,0,H,0,0,D,D England,11,8,12,8,0,3,0,0,0,,,,,,,,,,,,,16,11,4,2
May-22,17/05/2022,Southampton,Liverpool,St Mary's Stadium,32384,1,2,A,1,1,D,M Atkinson,6,6,1,9,2,0,0,0,0,,,,,,,,,,,,,4,24,2,5
May-22,19/05/2022,Everton,Crystal Palace,Goodison Park,39572,3,2,H,0,2,A,A Taylor,9,13,4,5,2,3,0,0,0,,,,,,,,,,,,,12,7,6,5
May-22,19/05/2022,Aston Villa,Burnley,Villa Park,42657,1,1,D,0,1,A,P Tierney,11,20,13,6,0,1,0,1,1,,,,,,,,,,,,,22,10,9,5
May-22,19/05/2022,Chelsea,Leicester,Stamford Bridge,41837,1,1,D,1,1,D,S Attwell,13,7,6,0,4,1,0,0,0,,,,,,,,,,,,,20,2,7,1
May-22,22/05/2022,Arsenal,Everton,Emirates Stadium,60260,5,1,H,2,1,H,A Marriner,8,9,12,2,0,1,0,0,0,,,,,,,,,,,,,26,6,9,2
May-22,22/05/2022,Brentford,Leeds,Gtech Community Stadium,17250,1,2,A,0,0,D,P Tierney,11,13,3,2,2,1,1,0,1,,,,,,,,,,,,,14,14,5,6
May-22,22/05/2022,Brighton,West Ham,American Express Community Stadium,31800,3,1,H,0,1,A,K Friend,9,9,5,6,1,1,0,0,0,,,,,,,,,,,,,18,7,7,2
May-22,22/05/2022,Burnley,Newcastle,Turf Moor,21944,1,2,A,0,1,A,C Pawson,8,9,8,2,1,0,0,0,0,,,,,,,,,,,,,12,8,5,6
May-22,22/05/2022,Chelsea,Watford,Stamford Bridge,41837,2,1,H,1,0,H,M Dean,9,9,3,3,0,0,0,0,0,,,,,,,,,,,,,19,8,8,3
May-22,22/05/2022,Crystal Palace,Manchester United,Selhurst Park,25486,1,0,H,1,0,H,M Atkinson,12,22,3,6,2,4,0,0,0,,,,,,,,,,,,,6,10,3,4
May-22,22/05/2022,Leicester,Southampton,King Power Stadium,32262,4,1,H,0,0,D,J Moss,10,5,3,3,0,1,0,0,0,,,,,,,,,,,,,12,7,6,2
May-22,22/05/2022,Liverpool,Wolves,Anfield,53394,3,1,H,1,1,D,A Taylor,6,3,5,3,1,0,0,0,0,,,,,,,,,,,,,29,7,8,5
May-22,22/05/2022,Manchester City,Aston Villa,Etihad Stadium,53400,3,2,H,0,1,A,M Oliver,5,11,13,1,0,1,0,0,0,,,,,,,,,,,,,24,4,5,2
May-22,22/05/2022,Norwich,Tottenham,Carrow Road,27244,0,5,A,0,2,A,C Kavanagh,13,7,3,2,3,1,0,0,0,,,,,,,,,,,,,9,19,0,13
