Referee,Stadium,Capacity,RefTotalYellowAndRed
A Madley,American Express Community Stadium,31800,2
A Madley,Anfield,53394,4
A Madley,Carrow Road,27244,4
A Madley,Goodison Park,39572,2
A Madley,King Power Stadium,32262,5
A Madley,Molineux Stadium,31750,3
A Madley,Old Trafford,74140,0
A Madley,Selhurst Park,25486,2
A Madley,St James Park,52305,1
A Madley,St Marys Stadium,32384,6
A Madley,Stamford Bridge,41837,3
A Madley,Villa Park,42657,6
A Marriner,Anfield,53394,1
A Marriner,Carrow Road,27244,4
A Marriner,Elland Road,37792,4
A Marriner,Emirates Stadium,60260,2
A Marriner,Etihad Stadium,53400,6
A Marriner,Gtech Community Stadium,17250,0
A Marriner,London Stadium,62500,4
A Marriner,Old Trafford,74140,4
A Marriner,Selhurst Park,25486,5
A Marriner,St James Park,52305,10
A Marriner,Stamford Bridge,41837,5
A Marriner,Tottenham Hotspur Stadium,62850,11
A Marriner,Turf Moor,21944,2
A Marriner,Vicarage Road,21577,5
A Taylor,American Express Community Stadium,31800,4
A Taylor,Anfield,53394,4
A Taylor,Carrow Road,27244,12
A Taylor,Elland Road,37792,4
A Taylor,Emirates Stadium,60260,6
A Taylor,Etihad Stadium,53400,8
A Taylor,Goodison Park,39572,5
A Taylor,Gtech Community Stadium,17250,2
A Taylor,London Stadium,62500,5
A Taylor,Old Trafford,74140,8
A Taylor,Selhurst Park,25486,5
A Taylor,St James Park,52305,5
A Taylor,St Marys Stadium,32384,11
A Taylor,Stamford Bridge,41837,10
A Taylor,Tottenham Hotspur Stadium,62850,4
A Taylor,Turf Moor,21944,7
A Taylor,Villa Park,42657,6
C Kavanagh,Anfield,53394,1
C Kavanagh,Carrow Road,27244,6
C Kavanagh,Elland Road,37792,6
C Kavanagh,Emirates Stadium,60260,5
C Kavanagh,Etihad Stadium,53400,3
C Kavanagh,Goodison Park,39572,7
C Kavanagh,King Power Stadium,32262,6
C Kavanagh,London Stadium,62500,8
C Kavanagh,Molineux Stadium,31750,4
C Kavanagh,Old Trafford,74140,1
C Kavanagh,St Marys Stadium,32384,4
C Kavanagh,Stamford Bridge,41837,7
C Kavanagh,Tottenham Hotspur Stadium,62850,3
C Kavanagh,Turf Moor,21944,2
C Kavanagh,Villa Park,42657,8
C Pawson,American Express Community Stadium,31800,4
C Pawson,Elland Road,37792,10
C Pawson,Emirates Stadium,60260,17
C Pawson,Etihad Stadium,53400,2
C Pawson,Goodison Park,39572,12
C Pawson,Gtech Community Stadium,17250,4
C Pawson,King Power Stadium,32262,9
C Pawson,London Stadium,62500,2
C Pawson,Molineux Stadium,31750,8
C Pawson,Old Trafford,74140,4
C Pawson,St James Park,52305,13
C Pawson,St Marys Stadium,32384,5
C Pawson,Tottenham Hotspur Stadium,62850,6
C Pawson,Turf Moor,21944,5
C Pawson,Vicarage Road,21577,6
C Pawson,Villa Park,42657,2
D Coote,American Express Community Stadium,31800,8
D Coote,Carrow Road,27244,4
D Coote,Elland Road,37792,8
D Coote,Emirates Stadium,60260,9
D Coote,Goodison Park,39572,9
D Coote,Gtech Community Stadium,17250,0
D Coote,King Power Stadium,32262,3
D Coote,Molineux Stadium,31750,2
D Coote,Selhurst Park,25486,4
D Coote,St Marys Stadium,32384,10
D Coote,Stamford Bridge,41837,7
D Coote,Tottenham Hotspur Stadium,62850,5
D Coote,Turf Moor,21944,6
D Coote,Vicarage Road,21577,7
D Coote,Villa Park,42657,10
D England,American Express Community Stadium,31800,4
D England,Carrow Road,27244,2
D England,Elland Road,37792,8
D England,Etihad Stadium,53400,0
D England,Gtech Community Stadium,17250,7
D England,King Power Stadium,32262,3
D England,Molineux Stadium,31750,18
D England,Selhurst Park,25486,13
D England,St James Park,52305,3
D England,Vicarage Road,21577,1
G Scott,Carrow Road,27244,3
G Scott,Etihad Stadium,53400,1
G Scott,Goodison Park,39572,9
G Scott,Gtech Community Stadium,17250,5
G Scott,Molineux Stadium,31750,2
G Scott,Selhurst Park,25486,7
G Scott,St Marys Stadium,32384,5
G Scott,Turf Moor,21944,3
G Scott,Villa Park,42657,5
J Brooks,American Express Community Stadium,31800,9
J Brooks,Goodison Park,39572,2
J Brooks,Molineux Stadium,31750,5
J Brooks,Villa Park,42657,5
J Gillett,Emirates Stadium,60260,2
J Gillett,Gtech Community Stadium,17250,5
J Gillett,London Stadium,62500,1
J Gillett,St James Park,52305,4
J Gillett,St Marys Stadium,32384,4
J Gillett,Tottenham Hotspur Stadium,62850,3
J Gillett,Vicarage Road,21577,8
J Gillett,Villa Park,42657,5
J Moss,American Express Community Stadium,31800,6
J Moss,Anfield,53394,4
J Moss,Emirates Stadium,60260,2
J Moss,Etihad Stadium,53400,8
J Moss,Goodison Park,39572,4
J Moss,King Power Stadium,32262,4
J Moss,Old Trafford,74140,5
J Moss,Selhurst Park,25486,6
J Moss,Stamford Bridge,41837,4
J Moss,Tottenham Hotspur Stadium,62850,8
J Moss,Turf Moor,21944,2
J Moss,Vicarage Road,21577,9
J Moss,Villa Park,42657,0
K Friend,American Express Community Stadium,31800,15
K Friend,Elland Road,37792,13
K Friend,Emirates Stadium,60260,7
K Friend,Etihad Stadium,53400,1
K Friend,Goodison Park,39572,8
K Friend,London Stadium,62500,5
K Friend,Molineux Stadium,31750,6
K Friend,Old Trafford,74140,0
K Friend,Selhurst Park,25486,5
K Friend,St Marys Stadium,32384,3
K Friend,Tottenham Hotspur Stadium,62850,9
K Friend,Turf Moor,21944,7
M Atkinson,Anfield,53394,3
M Atkinson,Carrow Road,27244,7
M Atkinson,Emirates Stadium,60260,2
M Atkinson,Etihad Stadium,53400,5
M Atkinson,Goodison Park,39572,2
M Atkinson,Gtech Community Stadium,17250,4
M Atkinson,King Power Stadium,32262,1
M Atkinson,London Stadium,62500,1
M Atkinson,Molineux Stadium,31750,3
M Atkinson,Old Trafford,74140,1
M Atkinson,Selhurst Park,25486,14
M Atkinson,St James Park,52305,6
M Atkinson,St Marys Stadium,32384,2
M Atkinson,Stamford Bridge,41837,5
M Atkinson,Tottenham Hotspur Stadium,62850,5
M Atkinson,Turf Moor,21944,1
M Atkinson,Villa Park,42657,4
M Dean,American Express Community Stadium,31800,4
M Dean,Anfield,53394,9
M Dean,Elland Road,37792,5
M Dean,Emirates Stadium,60260,2
M Dean,Etihad Stadium,53400,3
M Dean,Goodison Park,39572,4
M Dean,Gtech Community Stadium,17250,5
M Dean,London Stadium,62500,9
M Dean,Molineux Stadium,31750,9
M Dean,Old Trafford,74140,9
M Dean,St James Park,52305,4
M Dean,Stamford Bridge,41837,5
M Dean,Turf Moor,21944,7
M Dean,Vicarage Road,21577,9
M Dean,Villa Park,42657,0
M Oliver,Anfield,53394,10
M Oliver,Carrow Road,27244,2
M Oliver,Emirates Stadium,60260,3
M Oliver,Etihad Stadium,53400,4
M Oliver,Goodison Park,39572,9
M Oliver,Gtech Community Stadium,17250,4
M Oliver,King Power Stadium,32262,6
M Oliver,London Stadium,62500,5
M Oliver,Molineux Stadium,31750,6
M Oliver,Old Trafford,74140,5
M Oliver,Stamford Bridge,41837,12
M Oliver,Turf Moor,21944,7
M Oliver,Villa Park,42657,7
M Salisbury,Gtech Community Stadium,17250,1
M Salisbury,Molineux Stadium,31750,5
M Salisbury,Selhurst Park,25486,6
P Bankes,Carrow Road,27244,8
P Bankes,Gtech Community Stadium,17250,5
P Bankes,King Power Stadium,32262,5
P Bankes,London Stadium,62500,5
P Bankes,Old Trafford,74140,5
P Bankes,St James Park,52305,2
P Bankes,St Marys Stadium,32384,3
P Bankes,Stamford Bridge,41837,4
P Bankes,Vicarage Road,21577,10
P Bankes,Villa Park,42657,8
P Tierney,Anfield,53394,6
P Tierney,Carrow Road,27244,3
P Tierney,Elland Road,37792,15
P Tierney,Emirates Stadium,60260,3
P Tierney,Etihad Stadium,53400,2
P Tierney,Goodison Park,39572,12
P Tierney,Gtech Community Stadium,17250,7
P Tierney,King Power Stadium,32262,7
P Tierney,London Stadium,62500,7
P Tierney,Old Trafford,74140,3
P Tierney,Selhurst Park,25486,5
P Tierney,St James Park,52305,18
P Tierney,Stamford Bridge,41837,3
P Tierney,Tottenham Hotspur Stadium,62850,15
P Tierney,Villa Park,42657,2
R Jones,American Express Community Stadium,31800,7
R Jones,Carrow Road,27244,7
R Jones,Elland Road,37792,5
R Jones,King Power Stadium,32262,2
R Jones,St James Park,52305,4
R Jones,St Marys Stadium,32384,4
R Jones,Vicarage Road,21577,1
R Jones,Villa Park,42657,3
S Attwell,American Express Community Stadium,31800,3
S Attwell,Anfield,53394,12
S Attwell,Elland Road,37792,4
S Attwell,Emirates Stadium,60260,10
S Attwell,Etihad Stadium,53400,6
S Attwell,Goodison Park,39572,2
S Attwell,Gtech Community Stadium,17250,2
S Attwell,London Stadium,62500,1
S Attwell,Molineux Stadium,31750,5
S Attwell,Old Trafford,74140,4
S Attwell,St Marys Stadium,32384,1
S Attwell,Stamford Bridge,41837,10
S Attwell,Tottenham Hotspur Stadium,62850,7
S Attwell,Turf Moor,21944,4
S Hooper,American Express Community Stadium,31800,2
S Hooper,Carrow Road,27244,4
S Hooper,Elland Road,37792,11
S Hooper,Gtech Community Stadium,17250,3
S Hooper,King Power Stadium,32262,0
S Hooper,London Stadium,62500,0
S Hooper,Molineux Stadium,31750,3
S Hooper,Selhurst Park,25486,6
S Hooper,St Marys Stadium,32384,6
S Hooper,Turf Moor,21944,5
S Hooper,Vicarage Road,21577,6
T Harrington,American Express Community Stadium,31800,2
T Harrington,Molineux Stadium,31750,3
T Harrington,St James Park,52305,2
